[
    { "name": "Home maintenance", "image": "../src/assets/images/home-maintenance-img.svg", "link": "/categories/home-maintenance.js" },
    { "name": "Security", "image": "../src/assets/images/security-img.svg", "link": "/categories/security" },
    { "name": "Cleaning", "image": "../src/assets/images/cleaning-img.svg", "link": "/categories/cleaning" },
    { "name": "Automotive", "image": "../src/assets/images/automotive-img.svg", "link": "/categories/automotive" },
    { "name": "Construction/ Renovation", "image": "../src/assets/images/construct-img.svg", "link": "/categories/construction-renovation" },
    { "name": "Appliance Repair", "image": "../src/assets/images/appliance-img.svg", "link": "/categories/appliance-repair" },
    { "name": "Energy and Utility", "image": "../src/assets/images/energy-img.svg", "link": "/categories/energy-and-utility" },
    { "name": "Delivery", "image": "../src/assets/images/delivery-img.svg", "link": "/categories/delivery" }
]
  